Name,Review,Address
John Doe,Great service! 😊 is very 😊 good! 👍,"123 Elm Street, Springfield, USA"
अमित कुमार,बहुत अच्छा अनुभव! 🌟😊 बहुत अच्छा है! 🌟,"456 बापू नगर, दिल्ली, भारत"
ಅನಿಲ್ ಕುಮಾರ್,ಅದ್ಭುತ ಅನುಭವ! 🎉😊 ಇನ್ನೂ ಹೆಚ್ಚು ಉತ್ತಮ! 👏,"789 ಮಹatma ಗಾಂಧಿ ರಸ್ತೆ, ಬೆಂಗಳೂರು, ಭಾರತ"
جان دو,خدمات شاندار! 💯😊 حقًا ممتاز! 🌟,"101 شارع الميدان, القاهرة, مصر"
Maria González,Excelente servicio! 👏😊 ¡Muy bueno! 👌,"234 Calle Mayor, Madrid, España"
山田太郎,素晴らしいサービス! 😍🎉 最高です! 🌟,"567 田町, 東京, 日本"
Hans Müller,Großartiger Service! 😊👍 echt gut! 🌟,"890 Hauptstraße, Berlin, Deutschland"
Мария Иванова,Отличное обслуживание! 👍😊 действительно! 🌟,"345 улица Пушкина, Москва, Россия"
Giovanni Rossi,Servizio eccellente! 👌😊 davvero buono! 👏,"678 Via Roma, Milano, Italia"
소현 김,훌륭한 서비스! 👍🎉 정말 좋습니다! 🌟,"901 서울특별시, 대한민국"
